,accuracy,precision,recall,f1,auc_roc
Ensemble,0.49365599022373763,0.40448551263001487,0.8482222345871355,0.5477632051742723,0.6321041305249626
DNN,0.4925999124964169,0.4035561347979892,0.8442299131983085,0.5460778491605032,0.6277942312052369
Gradient Boosting,0.4921372498730192,0.4032258064516129,0.8433257289116404,0.5455862633753004,0.6282994548231112
XGBoost,0.4918908317366444,0.4025293090879908,0.8372607389272201,0.5436759027166181,0.6249445803625118
Random Forest,0.48674119558056617,0.40112464854732893,0.8513799243267305,0.5453225166949557,0.6274680088962443
LightGBM,0.48537835241816657,0.4009719348920723,0.8573753616737146,0.5464047304545172,0.6302047114404061
KNN,0.4810031732621235,0.38730944737940665,0.748553305141331,0.5104873212981321,0.5601823676409754
Logistic Regression,0.47071898777464305,0.39460630990970497,0.8687124415757845,0.5426966243314055,0.6192188045638225
SVM,0.46702774467057917,0.39299188329012374,0.8708546628088137,0.541582860776248,0.6158969846023314
