,0
child_age_months,0.2960821218216283
wealth_score,0.21122707624724585
age_hh_head_proxy,0.09438392232818417
hhsize,0.07451754891800198
birth_order,0.04863909855011519
wealth_quintile_1,0.03504373469540628
wealth_quintile_5,0.026226923088928066
education_0,0.022411500177957334
education_3,0.019879124911922275
dist_market_proxy_0,0.016691085531836205
child_sex_1,0.01628758311165463
child_sex_2,0.015594341458205575
residence_2,0.014442821677900506
residence_1,0.01417189971313358
gender_hh_head_2,0.014058061100502124
gender_hh_head_1,0.014017881400285714
dist_market_proxy_2,0.013247884790030999
dist_market_proxy_1,0.010761625983755553
education_2,0.010586652093315862
education_1,0.008746769376778906
wealth_quintile_4,0.008497064818433514
wealth_quintile_2,0.008072560316879002
wealth_quintile_3,0.00632787481662681
gender_hh_head_3,8.484307127157523e-05
