threshold,accuracy,precision,recall,f1_score,specificity,roc_auc
0.2,0.4798264009373947,0.40629455374964357,0.9513966169597151,0.5694185426934861,0.21281338363749497,0.7250817179750226
0.25,0.5501310039276034,0.43940062917379547,0.8859893167148898,0.5874561888950378,0.35996093288490166,0.7250817179750226
0.3,0.6092311251250949,0.4759211724766084,0.7995353883819274,0.5966738988258987,0.5014768314679311,0.7250817179750226
0.35,0.6519368968413218,0.5137343461301581,0.6961940796795014,0.5912065584615022,0.6268775450728964,0.7250817179750226
0.39999999999999997,0.6800285643880533,0.554399641813058,0.5856332072112175,0.5695885703462179,0.7334772095367869,0.7250817179750226
0.44999999999999996,0.6932395938626797,0.5953552726062665,0.4728605608724683,0.5270845447145017,0.8180228574129064,0.7250817179750226
0.49999999999999994,0.6959753380705963,0.6388814654648818,0.36580514133095926,0.4652318905961132,0.8829246776569183,0.7250817179750226
0.5499999999999999,0.6899808397326614,0.68103234930175,0.2679584909859782,0.38459465125333175,0.9289388079804034,0.7250817179750226
0.5999999999999999,0.6805767190179483,0.7315373126071804,0.18395281549076342,0.2939809926082365,0.9617756633926954,0.7250817179750226
0.6499999999999999,0.667074010932919,0.7734705656021547,0.11185455152459381,0.19544504399397208,0.9814509967627855,0.7250817179750226
0.7,0.6557337477181178,0.8298404153047491,0.06003783663476519,0.11197447106591082,0.9930293554713652,0.7250817179750226
0.7499999999999998,0.6469431578735624,0.8945147679324894,0.026541286445582016,0.05155293767984761,0.9982278022384827,0.7250817179750226
0.7999999999999998,0.6416175087629307,0.9457142857142857,0.009208769196527933,0.018239929464925333,0.999700695489166,0.7250817179750226
