feature,importance
mother_bmi,0.24459403805429392
child_age_months,0.1698530259472321
birth_weight,0.12966572377247332
cough_recent_0.0,0.051808658891632026
cough_recent_2.0,0.015646257943873407
water_source_21,0.0140212102964974
residence_2,0.01216453498563167
measles_vaccine_0.0,0.011282991665666068
water_source_92,0.011023175584492919
toilet_type_96.0,0.010811451072456941
water_source_11,0.010152130588706443
water_source_12,0.010060527785111458
fever_recent_0.0,0.009592181054170335
measles_vaccine_1.0,0.009217685711035076
breastfeeding_duration,0.0091527888793223
education_1,0.008726460990582344
hhsize,0.008673886815893428
measles_vaccine_3.0,0.008435333131627894
wealth_quintile_4,0.008166803573395748
cooking_fuel_10,0.007534386088703706
cooking_fuel_1,0.007223851110585772
cooking_fuel_95,0.007199803698477068
water_source_13,0.006782344971804495
cooking_fuel_6,0.006481936153125971
water_source_32,0.0063698885953509254
toilet_type_11.0,0.005953837179486784
dist_market_proxy_0,0.0054350492380451
water_source_41,0.0053262109362439206
toilet_type_41.0,0.005097390379536056
toilet_type_12.0,0.004994775360815636
mother_marital_status_3,0.004962439287452348
gender_hh_head_3,0.004823318791248107
cooking_fuel_8,0.004784376681549096
diarrhea_recent_2.0,0.004428410305149938
mother_marital_status_5,0.004356283013773359
age_hh_head_proxy,0.004293947632862222
fever_recent_8.0,0.004277143332617109
birth_weight_source_0,0.004130517335027153
birth_size_1,0.003932975192767456
gender_hh_head_2,0.003891961190944115
education_2,0.0038587626103517977
birth_weight_source_8,0.0038438759283667343
toilet_type_31.0,0.003841176311328401
cooking_fuel_96,0.0037981113074171307
mother_weight,0.003785285094062006
measles_vaccine_8.0,0.0037834604007896933
dist_market_proxy_2,0.00368371657706778
cough_recent_8.0,0.0033898945503787878
wealth_score,0.003209129058037174
water_source_14,0.003121347887174039
wealth_quintile_3,0.0030581324205561982
birth_order,0.0028277931188081455
water_source_43,0.002824947824968614
toilet_type_13.0,0.0028184499111893364
diarrhea_recent_8.0,0.0027734820553663893
birth_size_5,0.002726142678892274
wealth_quintile_2,0.0027155654015031993
water_source_62,0.002708124032861041
toilet_type_21.0,0.002678694533774041
mother_marital_status_4,0.002672848363528681
dist_market_proxy_1,0.0024941280123066873
anc_visits,0.0024221960172440046
cooking_fuel_7,0.0023555694374569687
birth_size_4,0.002267229396063458
water_source_31,0.0021832593418441323
toilet_type_97.0,0.0021668637457065857
toilet_type_14.0,0.0021164479848604645
water_source_61,0.0021024027806630014
residence_1,0.0020520157447622782
diarrhea_recent_0.0,0.0020106853202623842
measles_vaccine_unknown,0.001980172627115886
cooking_fuel_4,0.0019322672437492195
water_source_51,0.001915694594007577
mother_marital_status_0,0.0018427929741294759
toilet_type_22.0,0.0018257176977672213
gender_hh_head_1,0.0018213730870986048
measles_vaccine_2.0,0.001817461643622097
toilet_type_44.0,0.0018057701979824095
toilet_type_unknown,0.0017948756549762911
birth_weight_source_1,0.0017638654302924923
toilet_type_15.0,0.0016650695424720592
mother_marital_status_1,0.0016520538025308386
wealth_quintile_5,0.001629506568295088
water_source_97,0.0015425115905456054
toilet_type_23.0,0.0015274044226077184
cooking_fuel_11,0.0015264717058198626
education_3,0.0015198984015448562
cooking_fuel_5,0.0014547509566028678
birth_size_3,0.0014433827257668015
cooking_fuel_9,0.001434032094912473
education_0,0.00142095815480347
mother_height,0.0013787501853226832
birth_size_2,0.0013246468096552995
cooking_fuel_97,0.001297079975218751
measles_vaccine_4.0,0.00127920157451375
fever_recent_1.0,0.001273972762546191
child_sex_2,0.0012003204586009644
water_source_42,0.0010665430299241646
cooking_fuel_2,0.0009898816030142622
water_source_71,0.0008195366182298566
birth_size_8,0.0007021664291367521
birth_weight_source_2,0.0006132721519425084
water_source_96,0.0003785797804124691
child_sex_1,0.0003765199457574692
wealth_quintile_1,0.0003640464918295318
